{
  "Anshi National Park":                                        [15.079953618475813, 74.38302538704897],
  "Arignar Anna Zoological Park":                               [12.879598522550848, 80.08186868161704],
  "Bandhavgarh National Park":                                  [24.629994947724658, 80.86002041912077],
  "Bandipur National Park":                                     [11.778866120786143, 76.46469112578305],
  "Bandipur":                                                   [11.778950144102026, 76.46457310859026],
  "Banerghatta National Park":                                  [12.799257784770004, 77.56796374488233],
  "Bannerghatta National Park":                                 [12.798734662745575, 77.56784572579465],
  "Betla National Park":                                        [23.885717254197640, 84.19236601054821],
  "Bhitarkanika National Park":                                 [20.754518375171916, 87.00036956552638],
  "Bison  National Park":                                       [26.310520461376540, 91.48868467476015],
  "Bison National Park":                                        [23.279181149623493, 91.40074275295280],
  "Blackbuck National Park":                                    [22.055857968615317, 72.03365656118065],
  "City Forest (Salim Ali) National Park":                      [33.618969975982610, 75.99319432437872],
  "Clouded Leopard National Park":                              [23.668977437209964, 91.31938836830389],
  "Corbett National Park":                                      [29.333387918622122, 79.14040457711727],
  "Dachigam National Park":                                     [34.205356145286360, 75.04049650858624],
  "Desert National Park":                                       [26.886153758626040, 70.59821193163191],
  "Dudhwa National Park":                                       [28.490231830184268, 80.64566683961387],
  "Eravikulam National Park":                                   [10.136965592721811, 77.0595659104237],
  "Fossil National Park":                                       [23.452039755200385, 80.5804195467861],
  "Gangotri National Park":                                     [30.942576283415196, 79.15486402615264],
  "Gir National Forest":                                        [21.124754914344160, 70.8231567206953],
  "Gir National Park":                                          [21.125555539035066, 70.82367170480929],
  "Gorumara National Park":                                     [26.756568144867050, 88.79745783953811],
  "Govind National Park":                                       [31.145570576926268, 78.33809646177927],
  "Great Himalayan National Park":                              [31.891769235961790, 77.14216778748253],
  "Great Himalyan National Park":                               [31.891809899734596, 77.14290149734319],
  "Guindy National Park":                                       [13.005517994080448, 80.23756420544504],
  "Gulf of Mannar Marine National Park":                        [9.1398945068401320, 79.46300194427177],
  "Guru Ghasidas (Sanjay) National Park":                       [23.868043433311470, 82.06246228180098],
  "Hemis National Park":                                        [33.718926350689220, 77.38806683181056],
  "Inderkilla National Park":                                   [32.228223808603410, 77.4116546973527],
  "Indira Gandhi (Annamalai) National Park":                    [10.424236165391509, 77.12559218344063],
  "Indira Priyadarshini Pench National Park":                   [21.749674001329907, 79.33520406641449],
  "Indravati National Park":                                    [19.206137547474484, 81.03139545657426],
  "Jaldapara National Park":                                    [26.696869867840636, 89.28431518507685],
  "Kalesar National Park":                                      [30.431629199030787, 77.41884467251421],
  "Kanger National Park/Indravati National Park":               [19.483928076771246, 82.06024466288346],
  "Kanger Valley National Park":                                [18.788423723070190, 81.99264048627698],
  "Kanha National Park":                                        [22.334562805070240, 80.61149153944041],
  "Karandala Wild Life Sanctury":                               [20.878861803855578, 79.39816632782893],
  "Kasu Brahmananda Reddy National Park":                       [17.420118892402073, 78.42302241051591],
  "Kasu Kasu Brahmananda Reddy (Kbr) National Park":            [17.420185475516337, 78.42298018154675],
  "Kaziranga National Park":                                    [26.577892952377876, 93.1708766044968],
  "Kbr National Park":                                          [17.420098418879665, 78.42310824120158],
  "Keibul Lamjao National Park":                                [24.478954215594360, 93.83951186832145],
  "Keoladeo Ghana National Park Rajasthan":                     [27.164633445621575, 77.52297390219134],
  "Keoladeo Ghana National Park":                               [27.162460510492586, 77.52091376613399],
  "Khangchendzonga National Park":                              [27.727464843088104, 88.3354574810067],
  "Khirganga National Park":                                    [32.005482369284450, 77.6655550108393],
  "Kishtwar National Park":                                     [33.618809158270120, 75.9931728667073],
  "Kudremukh National Park":                                    [13.149805173777342, 75.25261100152798],
  "Madhav National Park":                                       [25.540834499344598, 77.71438828917272],
  "Madumalai National Park":                                    [11.614339236700209, 76.53860596381656],
  "Mahananda Wildlife Sanctuary":                               [26.799104487988032, 88.36275010565063],
  "Mahatma Gandhi Marine National Park":                        [11.587321215771993, 92.61557082578102],
  "Mahaveer Harina Vanasthali":                                 [17.341180364783135, 78.5849863123646],
  "Mahaveer Hvanasthali National Park":                         [17.340944817580684, 78.58492193935034],
  "Manas National Park":                                        [26.663402045439984, 91.00033217844378],
  "Marine National Park":                                       [22.401856661884896, 69.20085641060608],
  "Mathikettan Shola National Park":                            [9.989378300605251, 77.24431703879272],
  "Middle Button Island National Park":                         [12.276399867362361, 93.02613059695257],
  "Mrugavani National Park : Chilkur":                          [17.354062321686282, 78.33520895919187],
  "Mrugavani National Park":                                    [17.354106052153508, 78.33519539702199],
  "Mudumalai National Park":                                    [11.605326934967911, 76.51941586264499],
  "Mukurthi National Park":                                     [11.155311101070549, 76.48201393741942],
  "Nagarahole National Park":                                   [12.048679786269076, 76.15312936811463],
  "Nagarahole(Rajiv Gandhi) National Park":                     [12.048616831345417, 76.15308645277184],
  "Nagzira Wild Life Sanctury":                                 [21.248289679565715, 79.98666569894034],
  "Namdapha National Park":                                     [27.45522108448628, 96.52619622652769],
  "Nameri National Park":                                       [26.939746636469568, 92.87858955429313],
  "Navegao Bandh Wild Life sanctury":                           [21.24864873805979, 79.98615053525397],
  "Navegaon National Park":                                     [20.975707536070217, 80.16514248174235],
  "Neora Valley National Park":                                 [27.082497345179842, 88.70063515303882],
  "Nokrek National Park":                                       [25.450146106373307, 90.42844860372675],
  "Panna National Park":                                        [24.60794705132178, 79.93753189041043],