{
  "Anshi National Park": [74.76524, 15.3354],
  "Arignar Anna Zoological Park": [80.069886, 12.856277],
  "Bandhavgarh National Park": [81.38885, 23.698967],
  "Bandipur National Park": [77.58526, 13.02475],
  "Bandipur": [77.019802, 12.042159],
  "Banerghatta National Park": [77.588532, 12.842643],
  "Bannerghatta National Park": [77.585346, 12.8111958],
  "Betla National Park": [84.1615921, 23.916728],
  "Bhitarkanika National Park": [86.5720211, 20.569886],
  "Bison  National Park": [91.9654, 23.9921],
  "Bison National Park": [91.479445, 25.252987],
  "Blackbuck National Park": [72.2817946, 22.7332572],
  "City forest (Salim Ali) National Park": [74.8247, 34.0758],
  "Clouded Leopard National Park": [91.340954, 23.610679],
  "Corbett National Park": [79.067484, 29.341739],
  "Dachigam National Park": [74.831394635582, 34.0753488769228],
  "Desert National Park": [70.9566344, 26.89383933],
  "Dudhwa National Park": [80.83345, 27.91257],
  "Eravikulam National Park": [77.06168081, 10.07222883],
  "Fossil National Park": [80.21466, 23.22675],
  "Gangotri National Park": [78.468024, 30.753889],
  "Gir National forest": [71.16362, 21.41853],
  "Gir National Park": [70.6776, 21.8222],
  "Gorumara National Park": [88.6821, 26.8699],
  "Govind National Park": [78.00446, 30.56242],
  "Great Himalayan National Park": [77.2635874943315, 31.701676143173],
  "Great Himalyan National Park": [77.69485, 31.4284],
  "Guindy National Park": [80.22301, 13.0113],
  "Gulf of Mannar Marine National Park": [79.27926, 9.286081],
  "Guru Ghasidas (Sanjay) National Park": [82.538484, 23.360718],
  "Hemis National Park": [76.1244311928749, 34.5751163603418],
  "Inderkilla National Park": [77.10946, 31.95785],
  "Indira Gandhi (Annamalai) National Park": [76.91916, 10.53465],
  "Indira Priyadarshini Pench National Park": [79.60279, 22.56411],
  "Indravati National Park": [80.380528, 18.861741],
  "Jaldapara National Park": [89.27757, 26.69012],
  "Kalesar National Park": [77.572461779824, 30.330037868947],
  "Kanger National Park/Indravati National Park": [81.942346, 19.046793],
  "Kanger Valley National Park": [81.92657, 19.02993],
  "Kanha National Park": [80.12852, 22.43691],
  "Karandala Wild Life Sanctury": [79.313468, 20.847612],
  "Kasu Brahmananda Reddy National Park": [78.4012055177612, 17.4081206259729],
  "Kasu Brahmananda Reddy (KBR) National Park": [78.41488, 17.426301],
  "Kaziranga National Park": [93.2815945779724, 26.5769067556737],
  "KBR National Park": [78.411909, 17.423475],
  "Keibul Lamjao National Park": [93.8110315391992, 24.426465373398],
  "Keoladeo Ghana National Park Rajasthan": [77.26983, 27.14879],
  "Keoladeo Ghana National Park": [77.4717, 27.1911],
  "Khangchendzonga National Park": [88.602914, 27.342128],
  "Khirganga National Park": [77.1426105, 31.8890105],
  "Kishtwar National Park": [75.7620741752548, 33.3227431847727],
  "Kudremukh National Park": [74.758802, 13.177668],
  "Madhav National Park": [77.6510271048935, 25.4070178003158],
  "Madumalai National Park": [76.49151, 11.50223],
  "Mahananda Wildlife sanctuary": [88.4393, 26.752],
  "Mahatma Gandhi Marine National Park": [92.7326, 11.6625],
  "Mahaveer Harina Vanasthali National Park": [78.58031, 17.336449],
  "Mahaveer Harina Vanasthali": [78.589085, 17.364922],
  "Manas National Park": [90.9691143035889, 26.4356857855324],
  "Marine National Park": [69.833607, 22.359256],
  "Mathikettan Shola National Park": [77.2110112, 9.9833681],
  "Middle Button Island National Park": [92.789946, 12.166805],
  "Mrugavani National Park : Chilkur": [78.313, 17.339],
  "Mrugavani National Park": [78.28877, 17.331427],
  "Mudumalai National Park": [76.70366, 11.40693],
  "Mukurthi National Park": [76.51263, 11.56199],
  "Nagarahole National Park": [76.463524, 12.125819],
  "Nagarahole (Rajiv Gandhi) National Park": [76.298516, 12.305265],
  "Nagzira Wildlife Sanctury": [79.996398, 21.086835],
  "Namdapha National Park": [96.19884, 27.484024],
  "Nameri National Park": [92.644628, 27.012146],
  "Navegao Bandh Wildlife Sanctury": [80.094532, 20.912352],
  "Navegaon National Park": [80.093446, 20.90812],
  "Neora Valley National Park": [88.55118, 27.10246],
  "Nokrek National Park": [90.24975, 25.594109],
  "Panna National Park": [80.18009, 24.70334],
  "Papikonda National Park": [81.004707, 17.65583],
  "Pench National Park": [79.16019, 21.21212],
  "Periyar National Park": [77.1591808, 9.6160112],
  "Phawngpui Blue Mountain National Park": [92.753244, 22.914502],
  "Raja ji National Park": [78.18982, 30.00028],
  "Rajaji National Park": [78.2054596, 30.0270723],
  "Rajiv Gandhi (Rameswaram) National": [78.56424, 14.767592],
  "Rajiv Gandhi (Rameswaram) National Park": [78.555436, 14.754513],
  "Ranthambore National Park": [76.3401, 26.00221],
  "Sanjay Gandhi National Park": [72.8575032949448, 19.1614981016245],
  "Sanjay National Park": [81.36714, 24.33416],
  "Sariska National Park": [76.541446, 27.454225],
  "Satpura National Park": [78.3550075679321, 22.743671214032],
  "Silent Valley National Park": [76.6393903791657, 11.0928496979934],
  "Simbalbara National Park": [77.53007, 30.48227],
  "Simlipal National Park": [86.7061, 21.9749],
  "Singalila National Park": [88.3826, 26.72323],
  "South Button Island National Park": [92.97162, 12.00885],
  "Sri Venkateswara National Park": [79.412084, 13.631832],
  "Sultan National Park": [76.8957307228306, 28.488263029663695],
  "Sultanpur National bank (Bird Sanctuary)": [77.00051, 28.44235],
  "Sunderban National Park": [88.7085, 22.2088],
  "Tadoba National Park": [79.25351, 19.99721],
  "Tadoba Wildlife Sanctury": [79.300982, 19.994908],
  "Valley of Flowers National Park": [79.348733, 30.40756],
  "Valmiki National Park": [84.1340116, 27.096235],
  "Valmiki Tiger Reserve": [83.901366, 27.424864],
  "Van Vihar National Park": [77.3963, 23.2478],
  "Vansda National Park": [72.79846816, 21.32742874],
  "Velavadar Blackbuck National Park": [72.04053708734116, 22.051959074414587]
}
